{
  "parent": "minecraft:item/generated",
  "textures": {
    "layer0": "minecraft:item/apple"
  },
  "overrides":[
    {"predicate":{"custom_model_data":1}, "model": "sditem/food/tomato"},
    {"predicate":{"custom_model_data":2}, "model": "sditem/food/corn"},
    {"predicate":{"custom_model_data":3}, "model": "sditem/food/lettuce"},
    {"predicate":{"custom_model_data":4}, "model": "sditem/food/cauliflour"},
    {"predicate":{"custom_model_data":5}, "model": "sditem/food/garlic"},
    {"predicate":{"custom_model_data":6}, "model": "sditem/food/turnip"},
    {"predicate":{"custom_model_data":7}, "model": "sditem/food/grapes"},
    {"predicate":{"custom_model_data":8}, "model": "sditem/food/strawberries"},
    {"predicate":{"custom_model_data":9}, "model": "sditem/food/orange"},
    {"predicate":{"custom_model_data":10}, "model": "sditem/food/lemon"},
    {"predicate":{"custom_model_data":11}, "model": "sditem/food/pineapple"},
    {"predicate":{"custom_model_data":12}, "model": "sditem/food/fig"},
    {"predicate":{"custom_model_data":13}, "model": "sditem/food/coconut"},
    {"predicate":{"custom_model_data":14}, "model": "sditem/food/cactusfruit"}
  ]
}