{
  "parent": "minecraft:item/generated",
  "textures": {
    "layer0": "minecraft:item/cooked_salmon"
  },
  "overrides":[
    {"predicate":{"custom_model_data":1}, "model": "sditem/fish/cooked_shrimp"},
    {"predicate":{"custom_model_data":4}, "model": "sditem/fish/cooked_lobster"},
    {"predicate":{"custom_model_data":5}, "model": "sditem/fish/cooked_cave_eel"},
    {"predicate":{"custom_model_data":6}, "model": "sditem/fish/cooked_tuna"},
    {"predicate":{"custom_model_data":7}, "model": "sditem/fish/cooked_trout"},
    {"predicate":{"custom_model_data":8}, "model": "sditem/fish/cooked_bass"},
    {"predicate":{"custom_model_data":9}, "model": "sditem/fish/cooked_catfish"},
    {"predicate":{"custom_model_data":10}, "model": "sditem/fish/cooked_swordfish"},
    {"predicate":{"custom_model_data":11}, "model": "sditem/fish/cooked_anglerfish"},
    {"predicate":{"custom_model_data":12}, "model": "sditem/fish/cooked_stingray"},
    {"predicate":{"custom_model_data":13}, "model": "sditem/fish/cooked_shark"},
    {"predicate":{"custom_model_data":14}, "model": "sditem/fish/cooked_crocodile"}
  ]
}