{
  "parent": "minecraft:item/generated",
  "textures": {
    "layer0": "minecraft:item/copper_ingot"
  },
  "overrides":[
    {"predicate":{"custom_model_data":2}, "model": "sditem/mineral/tin_ingot"},
    {"predicate":{"custom_model_data":5}, "model": "sditem/mineral/silver_ingot"},
    {"predicate":{"custom_model_data":7}, "model": "sditem/mineral/adamant_ingot"},
    {"predicate":{"custom_model_data":8}, "model": "sditem/mineral/orichalcum_ingot"},
    {"predicate":{"custom_model_data":9}, "model": "sditem/mineral/bronze_ingot"},
    {"predicate":{"custom_model_data":10}, "model": "sditem/mineral/steel_ingot"}
  ]
}