{
  "parent": "minecraft:item/generated",
  "textures": {
    "layer0": "minecraft:item/raw_copper"
  },
  "overrides":[
    {"predicate":{"custom_model_data":1}, "model": "sditem/mineral/raw_coal"},
    {"predicate":{"custom_model_data":2}, "model": "sditem/mineral/raw_tin"},
    {"predicate":{"custom_model_data":3}, "model": "sditem/mineral/raw_copper"},
    {"predicate":{"custom_model_data":4}, "model": "sditem/mineral/raw_iron"},
    {"predicate":{"custom_model_data":5}, "model": "sditem/mineral/raw_silver"},
    {"predicate":{"custom_model_data":6}, "model": "sditem/mineral/raw_gold"},
    {"predicate":{"custom_model_data":7}, "model": "sditem/mineral/raw_adamant"},
    {"predicate":{"custom_model_data":8}, "model": "sditem/mineral/raw_orichalcum"}
  ]
}