{
  "parent": "minecraft:item/generated",
  "textures": {
    "layer0": "minecraft:item/salmon"
  },
  "overrides":[
    {"predicate":{"custom_model_data":1}, "model": "sditem/fish/shrimp"},
    {"predicate":{"custom_model_data":4}, "model": "sditem/fish/lobster"},
    {"predicate":{"custom_model_data":5}, "model": "sditem/fish/cave_eel"},
    {"predicate":{"custom_model_data":6}, "model": "sditem/fish/tuna"},
    {"predicate":{"custom_model_data":7}, "model": "sditem/fish/trout"},
    {"predicate":{"custom_model_data":8}, "model": "sditem/fish/bass"},
    {"predicate":{"custom_model_data":9}, "model": "sditem/fish/catfish"},
    {"predicate":{"custom_model_data":10}, "model": "sditem/fish/swordfish"},
    {"predicate":{"custom_model_data":11}, "model": "sditem/fish/anglerfish"},
    {"predicate":{"custom_model_data":12}, "model": "sditem/fish/stingray"},
    {"predicate":{"custom_model_data":13}, "model": "sditem/fish/shark"},
    {"predicate":{"custom_model_data":14}, "model": "sditem/fish/crocodile"}
  ]
}