{
    "providers": [
    {
        "type": "bitmap",
        "file": "minecraft:sdicons/mining.png",
        "ascent": 12,
        "height": 12,
        "chars": ["🇦"]
    },    {
        "type": "bitmap",
        "file": "minecraft:sdicons/smithing.png",
        "ascent": 12,
        "height": 12,
        "chars": ["🇧"]
    },    {
        "type": "bitmap",
        "file": "minecraft:sdicons/woodcutting.png",
        "ascent": 12,
        "height": 12,
        "chars": ["🇨"]
    },    {
        "type": "bitmap",
        "file": "minecraft:sdicons/farming.png",
        "ascent": 12,
        "height": 12,
        "chars": ["🇩"]
    },    {
        "type": "bitmap",
        "file": "minecraft:sdicons/fishing.png",
        "ascent": 12,
        "height": 12,
        "chars": ["🇪"]
    },    {
        "type": "bitmap",
        "file": "minecraft:sdicons/cooking.png",
        "ascent": 12,
        "height": 12,
        "chars": ["🇫"]
    },    {
        "type": "bitmap",
        "file": "minecraft:sdicons/alchemy.png",
        "ascent": 12,
        "height": 12,
        "chars": ["🇬"]
    },    {
        "type": "bitmap",
        "file": "minecraft:sdicons/thieving.png",
        "ascent": 12,
        "height": 12,
        "chars": ["🇭"]
    }
    ]
}
